seqName;clade;qc.overallScore;qc.overallStatus;totalSubstitutions;totalDeletions;totalInsertions;totalFrameShifts;totalAminoacidSubstitutions;totalAminoacidDeletions;totalAminoacidInsertions;totalMissing;totalNonACGTNs;totalPcrPrimerChanges;substitutions;deletions;insertions;privateNucMutations.reversionSubstitutions;privateNucMutations.labeledSubstitutions;privateNucMutations.unlabeledSubstitutions;privateNucMutations.totalReversionSubstitutions;privateNucMutations.totalLabeledSubstitutions;privateNucMutations.totalUnlabeledSubstitutions;privateNucMutations.totalPrivateSubstitutions;frameShifts;aaSubstitutions;aaDeletions;aaInsertions;missing;nonACGTNs;pcrPrimerChanges;alignmentScore;alignmentStart;alignmentEnd;qc.missingData.missingDataThreshold;qc.missingData.score;qc.missingData.status;qc.missingData.totalMissing;qc.mixedSites.mixedSitesThreshold;qc.mixedSites.score;qc.mixedSites.status;qc.mixedSites.totalMixedSites;qc.privateMutations.cutoff;qc.privateMutations.excess;qc.privateMutations.score;qc.privateMutations.status;qc.privateMutations.total;qc.snpClusters.clusteredSNPs;qc.snpClusters.score;qc.snpClusters.status;qc.snpClusters.totalSNPs;qc.frameShifts.frameShifts;qc.frameShifts.totalFrameShifts;qc.frameShifts.frameShiftsIgnored;qc.frameShifts.totalFrameShiftsIgnored;qc.frameShifts.score;qc.frameShifts.status;qc.stopCodons.stopCodons;qc.stopCodons.totalStopCodons;qc.stopCodons.score;qc.stopCodons.status;isReverseComplement;failedGenes;warnings;errors
A/District_Of_Columbia/58/2019|7|11/28/2019|USA|M1;unassigned;0;good;1;0;0;0;0;0;0;0;0;0;A204T;;;;;A204T;0;0;1;1;;;;;;;;878;3;297;;;;;4;0;good;0;15;-5;0;good;0;;;;;;0;;0;0;good;;0;0;good;false;;;
A/Nevada/8293/2019|7|01/30/2019|USA|M1;unassigned;0;good;6;0;0;0;2;0;0;0;0;0;T15A,C75T,G82A,A158G,C231T,A288G;;;;;T15A,C75T,G82A,A158G,C231T,A288G;0;0;6;6;;MA2:V27I,MA2:Y52C;;;;;;858;3;297;;;;;4;0;good;0;15;-5;0;good;0;;;;;;0;;0;0;good;;0;0;good;false;;;
A/Louisiana/15/2020|7|02/05/2020|USA|M1;unassigned;0;good;6;0;0;0;2;0;0;0;0;0;T15A,C75T,G82A,A158G,C231T,A288G;;;;;T15A,C75T,G82A,A158G,C231T,A288G;0;0;6;6;;MA2:V27I,MA2:Y52C;;;;;;858;3;297;;;;;4;0;good;0;15;-5;0;good;0;;;;;;0;;0;0;good;;0;0;good;false;;;
A/Hawaii/18/2018|7|02/08/2018|USA|M1;unassigned;0;good;2;0;0;0;0;0;0;0;0;0;T15A,C231T;;;;;T15A,C231T;0;0;2;2;;;;;;;;874;3;297;;;;;4;0;good;0;15;-5;0;good;0;;;;;;0;;0;0;good;;0;0;good;false;;;
A/New_Mexico/08/2019|7|01/28/2019|USA|M1;unassigned;0;good;2;0;0;0;1;0;0;0;0;0;C77T,T138C;;;;;C77T,T138C;0;0;2;2;;MA2:P25L;;;;;;874;3;297;;;;;4;0;good;0;15;-5;0;good;0;;;;;;0;;0;0;good;;0;0;good;false;;;
A/Wuhan/2153/2018|7|02/2018|China|M1;unassigned;0;good;0;0;0;0;0;0;0;0;0;0;;;;;;;0;0;0;0;;;;;;;;882;3;297;;;;;4;0;good;0;15;-5;0;good;0;;;;;;0;;0;0;good;;0;0;good;false;;;
A/Texas/9431/2019|7|02/06/2019|USA|M1;unassigned;0;good;6;0;0;0;2;0;0;0;0;0;T15A,C75T,G82A,A158G,C231T,A288G;;;;;T15A,C75T,G82A,A158G,C231T,A288G;0;0;6;6;;MA2:V27I,MA2:Y52C;;;;;;858;3;297;;;;;4;0;good;0;15;-5;0;good;0;;;;;;0;;0;0;good;;0;0;good;false;;;
A/South_Carolina/NHRC_OID_JX42387/2019|7|02/04/2019|USA|M1;unassigned;6.250000;good;2;0;0;0;1;0;0;0;1;0;C77T,T138C;;;;;C77T,T138C;0;0;2;2;;MA2:P25L;;;;Y:108;;874;3;297;;;;;4;25;good;1;15;-5;0;good;0;;;;;;0;;0;0;good;;0;0;good;false;;;
A/Osorno/PUC_MVL_COL150/2018|7|2018|Chile|M1;unassigned;0;good;2;0;0;0;0;0;0;0;0;0;T15A,C231T;;;;;T15A,C231T;0;0;2;2;;;;;;;;874;3;297;;;;;4;0;good;0;15;-5;0;good;0;;;;;;0;;0;0;good;;0;0;good;false;;;
A/California/142/2019|7|05/22/2019|USA|M1;unassigned;0;good;6;0;0;0;2;0;0;0;0;0;T15A,C75T,G82A,A158G,C231T,A288G;;;;;T15A,C75T,G82A,A158G,C231T,A288G;0;0;6;6;;MA2:V27I,MA2:Y52C;;;;;;858;3;297;;;;;4;0;good;0;15;-5;0;good;0;;;;;;0;;0;0;good;;0;0;good;false;;;
A/Texas/78/2018|7|02/02/2018|USA|M1;unassigned;0;good;2;0;0;0;0;0;0;0;0;0;T15A,C231T;;;;;T15A,C231T;0;0;2;2;;;;;;;;874;3;297;;;;;4;0;good;0;15;-5;0;good;0;;;;;;0;;0;0;good;;0;0;good;false;;;
