seqName	clade	qc.overallScore	qc.overallStatus	totalSubstitutions	totalDeletions	totalInsertions	totalFrameShifts	totalAminoacidSubstitutions	totalAminoacidDeletions	totalAminoacidInsertions	totalMissing	totalNonACGTNs	totalPcrPrimerChanges	substitutions	deletions	insertions	privateNucMutations.reversionSubstitutions	privateNucMutations.labeledSubstitutions	privateNucMutations.unlabeledSubstitutions	privateNucMutations.totalReversionSubstitutions	privateNucMutations.totalLabeledSubstitutions	privateNucMutations.totalUnlabeledSubstitutions	privateNucMutations.totalPrivateSubstitutions	frameShifts	aaSubstitutions	aaDeletions	aaInsertions	missing	nonACGTNs	pcrPrimerChanges	alignmentScore	alignmentStart	alignmentEnd	qc.missingData.missingDataThreshold	qc.missingData.score	qc.missingData.status	qc.missingData.totalMissing	qc.mixedSites.mixedSitesThreshold	qc.mixedSites.score	qc.mixedSites.status	qc.mixedSites.totalMixedSites	qc.privateMutations.cutoff	qc.privateMutations.excess	qc.privateMutations.score	qc.privateMutations.status	qc.privateMutations.total	qc.snpClusters.clusteredSNPs	qc.snpClusters.score	qc.snpClusters.status	qc.snpClusters.totalSNPs	qc.frameShifts.frameShifts	qc.frameShifts.totalFrameShifts	qc.frameShifts.frameShiftsIgnored	qc.frameShifts.totalFrameShiftsIgnored	qc.frameShifts.score	qc.frameShifts.status	qc.stopCodons.stopCodons	qc.stopCodons.totalStopCodons	qc.stopCodons.score	qc.stopCodons.status	isReverseComplement	failedGenes	warnings	errors
A/West_Virginia/28/2019|6|03/31/2019|USA|NA	unassigned	6.250000	good	63	0	0	0	31	0	0	0	1	0	C69T,T88C,C205T,A227G,T245C,G270A,A280G,A281G,T303C,C375T,G408A,C421A,G442A,T449C,A452G,T466C,C474T,A485G,G489A,A492G,A501T,T504C,G513A,G583A,C615T,A646G,A666T,C669T,G735A,G737A,T742A,C766T,C803A,G831A,C840T,T855C,T857C,C894A,T900C,A901C,A909C,T931C,T941G,C957T,A989C,T1005C,G1018A,G1033A,A1092G,G1098A,G1103A,A1109C,T1112C,C1118T,A1122G,A1141G,C1159T,T1164G,A1207G,A1284T,A1393C,T1398C,C1406A					T88C,C205T,T245C,G270A,T303C,G442A,C474T,A492G,G583A,A666T,G735A,T857C,A909C,C957T,A1092G,G1098A,G1103A,A1109C,T1112C,C1118T	0	0	20	20		NA:K75R,NA:L81P,NA:N93G,NA:L140I,NA:D147N,NA:V149A,NA:H150R,NA:Y155H,NA:N161S,NA:V194I,NA:I215V,NA:E221D,NA:S245N,NA:S247T,NA:T267K,NA:L285P,NA:Y310H,NA:V313G,NA:N329T,NA:D339N,NA:E344K,NA:S367N,NA:K369T,NA:L370S,NA:S372L,NA:I380V,NA:P386S,NA:N387K,NA:N402D,NA:I464L,NA:P468H				Y:1026		3978	3	1413					4	25	good	1	15	-5	0	good	0						0		0	0	good		0	0	good	false			
A/swine/Indiana/A02256610/2018|6|08/21/2018|USA|NA	unassigned	6.250000	good	63	0	0	0	24	0	0	0	1	0	G90A,T99G,G153A,T158A,C205T,C219T,C240T,T245C,G270A,A280G,A281G,T294C,T300A,T303C,G369A,C384A,G408A,G442A,A452G,C474T,G480A,A492G,A501T,T504C,G583A,A646G,A666T,G735A,T742A,C766T,C789A,C803A,G831A,C840T,T857C,C873A,C894A,T900C,A901C,C906T,A909C,T931C,C957T,A984G,G995A,C1002T,C1014T,C1026T,A1092G,G1098A,G1103A,A1108G,A1109C,T1112C,C1118T,A1122G,A1141G,T1164G,A1207G,A1284T,G1390A,A1393C,C1406A					G153A,C205T,C219T,T245C,G270A,T303C,G442A,C474T,A492G,G583A,A666T,G735A,T857C,A909C,C957T,A1092G,G1098A,G1103A,A1109C,T1112C,C1118T	0	0	21	21		NA:L52Q,NA:L81P,NA:N93G,NA:D127E,NA:D147N,NA:H150R,NA:V194I,NA:I215V,NA:E221D,NA:S247T,NA:T267K,NA:L285P,NA:Y310H,NA:S331N,NA:S367N,NA:K369A,NA:L370S,NA:S372L,NA:I380V,NA:N387K,NA:N402D,NA:D463N,NA:I464L,NA:P468H				R:455		3978	3	1413					4	25	good	1	15	-5	0	good	0						0		0	0	good		0	0	good	false			
A/Bahrain/RVT0145/2018|6|02/10/2018|Bahrain|NA	unassigned	0	good	51	0	0	0	25	0	0	0	0	0	T88C,C144T,C205T,T245C,G270A,A280G,A281G,T303C,G408A,G442A,A452G,C474T,A492G,A501T,T504C,A531G,G583A,G588T,A646G,A666T,C669T,T699C,G735A,G737A,T742A,C803A,G831A,T857C,C894A,T900C,A901C,A909T,T931C,C957T,A989G,C1014T,G1018A,A1092G,G1098A,G1103A,A1109C,T1112C,C1118T,A1122G,A1141G,C1159T,T1164G,A1207G,A1284T,A1393C,C1406A					T88C,C205T,T245C,G270A,T303C,G442A,C474T,A492G,G583A,A666T,G735A,T857C,C957T,A1092G,G1098A,G1103A,A1109C,T1112C,C1118T	0	0	19	19		NA:L81P,NA:N93G,NA:D147N,NA:H150R,NA:I176M,NA:V194I,NA:I215V,NA:E221D,NA:S245N,NA:S247T,NA:T267K,NA:L285P,NA:Y310H,NA:N329S,NA:D339N,NA:S367N,NA:K369T,NA:L370S,NA:S372L,NA:I380V,NA:P386S,NA:N387K,NA:N402D,NA:I464L,NA:P468H						4026	3	1413					4	0	good	0	15	-5	0	good	0						0		0	0	good		0	0	good	false			
A/Georgia/33/2018|6|12/24/2018|USA|NA	unassigned	0	good	61	0	0	0	31	0	0	0	0	0	T88C,A171T,C205T,A227G,T245C,G270A,A280G,A281G,T303C,C375T,G408A,C421A,G442A,T449C,A452G,T466C,C474T,A485G,G489A,A492G,A501T,T504C,G583A,C615T,A646G,A666T,C669T,G735A,G737A,T742A,C766T,C803A,G831A,C840T,T855C,T857C,C894A,T900C,A901C,A909C,T931C,C957T,A989C,T1005C,G1018A,G1033A,T1071A,A1092G,G1098A,G1103A,A1109C,T1112C,C1118T,A1122G,A1141G,C1159T,T1164G,A1207G,A1284T,A1393C,C1406A					T88C,C205T,T245C,G270A,T303C,G442A,C474T,A492G,G583A,A666T,G735A,T857C,A909C,C957T,A1092G,G1098A,G1103A,A1109C,T1112C,C1118T	0	0	20	20		NA:K75R,NA:L81P,NA:N93G,NA:L140I,NA:D147N,NA:V149A,NA:H150R,NA:Y155H,NA:N161S,NA:V194I,NA:I215V,NA:E221D,NA:S245N,NA:S247T,NA:T267K,NA:L285P,NA:Y310H,NA:N329T,NA:D339N,NA:E344K,NA:D356E,NA:S367N,NA:K369T,NA:L370S,NA:S372L,NA:I380V,NA:P386S,NA:N387K,NA:N402D,NA:I464L,NA:P468H						3986	3	1413					4	0	good	0	15	-5	0	good	0						0		0	0	good		0	0	good	false			
A/Maine/24/2019|6|04/10/2019|USA|NA	unassigned	0	good	62	0	0	0	31	0	0	0	0	0	T88C,A171T,C205T,A227G,T245C,G270A,A280G,A281G,T303C,C375T,G408A,C421A,G442A,T449C,A452G,T466C,C474T,A485G,G489A,A492G,A501T,T504C,G583A,C615T,A646G,A666T,C669T,G735A,G737A,T742A,C766T,C803A,G831A,C840T,T855C,T857C,C876T,C894A,T900C,A901C,A909C,T931C,C957T,A989C,T1005C,G1018A,G1033A,T1071A,A1092G,G1098A,G1103A,A1109C,T1112C,C1118T,A1122G,A1141G,C1159T,T1164G,A1207G,A1284T,A1393C,C1406A					T88C,C205T,T245C,G270A,T303C,G442A,C474T,A492G,G583A,A666T,G735A,T857C,A909C,C957T,A1092G,G1098A,G1103A,A1109C,T1112C,C1118T	0	0	20	20		NA:K75R,NA:L81P,NA:N93G,NA:L140I,NA:D147N,NA:V149A,NA:H150R,NA:Y155H,NA:N161S,NA:V194I,NA:I215V,NA:E221D,NA:S245N,NA:S247T,NA:T267K,NA:L285P,NA:Y310H,NA:N329T,NA:D339N,NA:E344K,NA:D356E,NA:S367N,NA:K369T,NA:L370S,NA:S372L,NA:I380V,NA:P386S,NA:N387K,NA:N402D,NA:I464L,NA:P468H						3982	3	1413					4	0	good	0	15	-5	0	good	0						0		0	0	good		0	0	good	false			
A/Alaska/04/2019|6|01/12/2019|USA|NA	unassigned	0	good	61	0	0	0	31	0	0	0	0	0	T88C,A171T,C205T,A227G,T245C,G270A,A280G,A281G,T303C,C375T,G408A,C421A,G442A,T449C,A452G,T466C,C474T,A485G,G489A,A492G,A501T,T504C,G583A,C615T,A646G,A666T,C669T,G735A,G737A,T742A,C766T,C803A,G831A,C840T,T855C,T857C,C894A,T900C,A901C,A909C,T931C,C957T,A989C,T1005C,G1018A,G1033A,T1071A,A1092G,G1098A,G1103A,A1109C,T1112C,C1118T,A1122G,A1141G,C1159T,T1164G,A1207G,A1284T,A1393C,C1406A					T88C,C205T,T245C,G270A,T303C,G442A,C474T,A492G,G583A,A666T,G735A,T857C,A909C,C957T,A1092G,G1098A,G1103A,A1109C,T1112C,C1118T	0	0	20	20		NA:K75R,NA:L81P,NA:N93G,NA:L140I,NA:D147N,NA:V149A,NA:H150R,NA:Y155H,NA:N161S,NA:V194I,NA:I215V,NA:E221D,NA:S245N,NA:S247T,NA:T267K,NA:L285P,NA:Y310H,NA:N329T,NA:D339N,NA:E344K,NA:D356E,NA:S367N,NA:K369T,NA:L370S,NA:S372L,NA:I380V,NA:P386S,NA:N387K,NA:N402D,NA:I464L,NA:P468H						3986	3	1413					4	0	good	0	15	-5	0	good	0						0		0	0	good		0	0	good	false			
A/Florida/7214/2018|6|02/01/2018|USA|NA	unassigned	0	good	51	0	0	0	25	0	0	0	0	0	T88C,C144T,C205T,T245C,G270A,A280G,A281G,T303C,G408A,G442A,A452G,C474T,A492G,A501T,T504C,A531G,G583A,G588T,A646G,A666T,C669T,T699C,G735A,G737A,T742A,C803A,G831A,T857C,C894A,T900C,A901C,A909T,T931C,C957T,A989G,C1014T,G1018A,A1092G,G1098A,G1103A,A1109C,T1112C,C1118T,A1122G,A1141G,C1159T,T1164G,A1207G,A1284T,A1393C,C1406A					T88C,C205T,T245C,G270A,T303C,G442A,C474T,A492G,G583A,A666T,G735A,T857C,C957T,A1092G,G1098A,G1103A,A1109C,T1112C,C1118T	0	0	19	19		NA:L81P,NA:N93G,NA:D147N,NA:H150R,NA:I176M,NA:V194I,NA:I215V,NA:E221D,NA:S245N,NA:S247T,NA:T267K,NA:L285P,NA:Y310H,NA:N329S,NA:D339N,NA:S367N,NA:K369T,NA:L370S,NA:S372L,NA:I380V,NA:P386S,NA:N387K,NA:N402D,NA:I464L,NA:P468H						4026	3	1413					4	0	good	0	15	-5	0	good	0						0		0	0	good		0	0	good	false			
A/Japan/6954/2018|6|01/24/2018|Japan|NA	unassigned	0	good	51	0	0	0	26	0	0	0	0	0	T88C,C144T,C205T,T245C,G270A,A280G,A281G,T303C,C380T,G408A,G442A,A452G,C474T,A492G,A501T,T504C,G583A,A646G,A663C,A666T,C669T,G735A,G737A,T742A,C803A,G831A,C840T,T857C,C894A,T900C,A901C,A909C,G910A,T931C,C957T,A989G,C1014T,G1018A,A1092G,G1098A,G1103A,A1109C,T1112C,C1118T,A1122G,A1141G,T1164G,A1207G,A1284T,A1393C,C1406A					T88C,C205T,T245C,G270A,T303C,G442A,C474T,A492G,G583A,A666T,G735A,T857C,A909C,C957T,A1092G,G1098A,G1103A,A1109C,T1112C,C1118T	0	0	20	20		NA:L81P,NA:N93G,NA:P126L,NA:D147N,NA:H150R,NA:V194I,NA:I215V,NA:K220N,NA:E221D,NA:S245N,NA:S247T,NA:T267K,NA:L285P,NA:V303I,NA:Y310H,NA:N329S,NA:D339N,NA:S367N,NA:K369T,NA:L370S,NA:S372L,NA:I380V,NA:N387K,NA:N402D,NA:I464L,NA:P468H						4026	3	1413					4	0	good	0	15	-5	0	good	0						0		0	0	good		0	0	good	false			
A/canine/Ontario/NCFAD_2018_070_4/2018|6|01/26/2018|Canada|NA	unassigned	0	good	276	0	0	0	82	0	0	0	0	0	T9C,A28G,G30A,T33A,C36G,T42C,C48A,A49G,T55G,C57A,A61G,C66T,T70C,A73T,G75A,A78G,T86C,C87T,T88C,G90A,A91G,T92C,T96A,A102G,T106C,C109T,T111C,T121A,T128G,T133A,C134T,C139T,A141G,A146G,C147T,G151A,G153A,A154G,T158C,G159A,G163A,C170T,A171C,A183G,A196G,G201A,T202C,C205T,C209A,C210T,C213T,C216T,G225A,G228A,A234T,G236A,C238T,A241G,A242T,C244G,A246G,G247C,C248T,A258G,T261C,A267G,G270A,A276G,A280C,C282A,A297T,T303C,T306C,T315C,G318A,T321C,A322C,G324A,T327C,C345T,G351A,A357G,T378C,T381C,G382A,A383G,G387A,A396G,C402A,A414G,A417C,A420G,A423G,C429T,G430A,T431A,G432A,T435C,T441C,G442A,A443G,G448A,C463T,C474T,A477T,G480A,G489A,A492G,A501G,C508T,G513A,G519A,A561G,C571T,G573A,A585C,G588T,G591A,A599G,A606G,C615T,A619G,T621G,C624T,G630A,G632T,A639T,T642C,T650G,C660T,A661C,A662G,G664A,A666T,C678T,G681A,C693T,T699C,A708G,G735A,T741A,A750G,A761G,T774C,G775A,A776G,G777A,C789T,G790A,T792C,C797T,A802C,A813G,G822A,T825C,G826A,C828A,G834A,C837T,C843T,T849C,G851A,T857C,T858A,G859A,G860A,C864T,C873T,C885T,A891G,A907G,A909T,G910A,C921T,A924G,A925G,A926C,G927A,G935A,T939C,G940A,T941A,C957T,A972C,C975T,C981A,A984G,A987T,A988G,C990T,C993T,C999T,T1005C,C1008T,C1009A,T1011C,T1015A,T1016A,C1026T,A1032G,G1033A,A1034G,T1038G,G1039A,G1040A,A1043C,T1044A,A1053G,C1056G,G1069A,G1073A,A1074T,G1083T,A1092G,A1095G,G1098A,G1105A,G1107A,A1108G,G1110T,C1116T,A1122T,A1128G,C1131T,A1137G,A1145G,A1146T,T1153A,A1157C,C1158T,C1159G,A1170G,T1172C,G1173A,A1177G,A1179C,G1185A,G1202A,A1203T,G1204A,G1205A,T1209C,A1210T,C1215T,T1236C,C1254T,A1255G,C1257T,C1261A,C1266T,G1287A,A1291G,A1293G,A1294C,A1295C,G1297C,G1299A,A1302G,G1306A,A1307G,C1311A,T1313G,C1320T,C1326T,T1329C,T1335C,G1338A,C1347T,C1350T,A1353T,A1359C,G1390A,C1392T,C1395T,T1398C,C1399T					G30A,T55G,T70C,T88C,A91G,T128G,G153A,C205T,G270A,T303C,G318A,A322C,G387A,G442A,C474T,G489A,A492G,C508T,G588T,T650G,G664A,A666T,G735A,G790A,C797T,C843T,T857C,C921T,C957T,C1008T,A1032G,A1092G,G1098A,A1122T,G1173A,G1202A,T1209C,T1236C,A1293G,G1306A,T1313G,C1392T	0	0	42	42		NA:T9A,NA:T16A,NA:S18A,NA:I20V,NA:F23L,NA:M24L,NA:I28T,NA:I30A,NA:H36Y,NA:Y40N,NA:F42C,NA:S44I,NA:P46S,NA:N48S,NA:V50I,NA:M51V,NA:L52P,NA:E54K,NA:T56I,NA:I65V,NA:Y67H,NA:T69N,NA:C78Y,NA:P79S,NA:K80V,NA:L81V,NA:A82L,NA:N93Q,NA:D127S,NA:V143K,NA:D147S,NA:V149I,NA:P154S,NA:K199R,NA:I206V,NA:R210M,NA:V216G,NA:K220R,NA:E221N,NA:K253R,NA:E258R,NA:V263I,NA:T265I,NA:T267P,NA:V275I,NA:R283Q,NA:L285P,NA:G286N,NA:I302V,NA:V303I,NA:I307M,NA:K308A,NA:S311N,NA:V313N,NA:K328N,NA:N329D,NA:H336N,NA:L338K,NA:E344R,NA:G346N,NA:H347P,NA:D356N,NA:G357D,NA:E368K,NA:K369D,NA:E381G,NA:S384T,NA:N385T,NA:P386A,NA:L390S,NA:I392V,NA:R400N,NA:G401N,NA:R403W,NA:I418V,NA:R430G,NA:K431P,NA:E432Q,NA:E435R,NA:L437W,NA:D463N,NA:L466F						3126	3	1413					4	0	good	0	15	-5	0	good	0						0		0	0	good		0	0	good	false			
A/Italy/8763/2019|6|03/08/2019|Italy|NA	unassigned	0	good	61	0	0	0	32	0	0	0	0	0	T80C,T88C,C205T,A227G,T245C,G270A,A280G,A281G,T303C,C375T,G408A,C421A,G442A,T449C,A452G,T466C,C474T,A485G,G489A,A492G,A501T,T504C,G583A,C615T,A646G,A666T,C669T,G735A,G737A,T742A,C766T,C803A,G831A,C840T,T855C,T857C,C894A,T900C,A901C,A909C,T931C,C957T,A989C,T1005C,G1018A,G1033A,A1092G,G1098A,G1103A,A1109C,T1112C,C1118T,A1122G,A1141G,C1159T,T1164G,A1207G,G1243A,A1284T,A1393C,C1406A					T88C,C205T,T245C,G270A,T303C,G442A,C474T,A492G,G583A,A666T,G735A,T857C,A909C,C957T,A1092G,G1098A,G1103A,A1109C,T1112C,C1118T	0	0	20	20		NA:I26T,NA:K75R,NA:L81P,NA:N93G,NA:L140I,NA:D147N,NA:V149A,NA:H150R,NA:Y155H,NA:N161S,NA:V194I,NA:I215V,NA:E221D,NA:S245N,NA:S247T,NA:T267K,NA:L285P,NA:Y310H,NA:N329T,NA:D339N,NA:E344K,NA:S367N,NA:K369T,NA:L370S,NA:S372L,NA:I380V,NA:P386S,NA:N387K,NA:N402D,NA:G414S,NA:I464L,NA:P468H						3986	3	1413					4	0	good	0	15	-5	0	good	0						0		0	0	good		0	0	good	false			
A/South_Carolina/8660/2019|6|02/05/2019|USA|NA	unassigned	0	good	60	0	0	0	31	0	0	0	0	0	T88C,C205T,A227G,T245C,G270A,A280G,A281G,T303C,C375T,G408A,C421A,G442A,T449C,A452G,T466C,C474T,A485G,G489A,A492G,A501T,T504C,G583A,C615T,A646G,A666T,C669T,G735A,G737A,T742A,C766T,C803A,G831A,C840T,T855C,T857C,C894A,T900C,A901C,A909C,T931C,T941G,C957T,A989C,T1005C,G1018A,G1033A,A1092G,G1098A,G1103A,A1109C,T1112C,C1118T,A1122G,A1141G,C1159T,T1164G,A1207G,A1284T,A1393C,C1406A					T88C,C205T,T245C,G270A,T303C,G442A,C474T,A492G,G583A,A666T,G735A,T857C,A909C,C957T,A1092G,G1098A,G1103A,A1109C,T1112C,C1118T	0	0	20	20		NA:K75R,NA:L81P,NA:N93G,NA:L140I,NA:D147N,NA:V149A,NA:H150R,NA:Y155H,NA:N161S,NA:V194I,NA:I215V,NA:E221D,NA:S245N,NA:S247T,NA:T267K,NA:L285P,NA:Y310H,NA:V313G,NA:N329T,NA:D339N,NA:E344K,NA:S367N,NA:K369T,NA:L370S,NA:S372L,NA:I380V,NA:P386S,NA:N387K,NA:N402D,NA:I464L,NA:P468H						3990	3	1413					4	0	good	0	15	-5	0	good	0						0		0	0	good		0	0	good	false			
A/Germany/7343/2018|6|03/16/2018|Germany|NA	unassigned	0	good	51	0	0	0	24	0	0	0	0	0	T88C,C144T,C205T,T245C,G270A,A280G,A281G,T303C,G408A,G442A,A452G,C474T,A492G,A501T,T504C,G525A,A531G,G588T,A646G,A666T,C669T,T699C,G735A,G737A,T742A,C803A,G831A,T857C,C894A,T900C,A901C,A909T,T931C,C957T,A989G,C1014T,G1018A,A1092G,G1098A,G1103A,A1109C,T1112C,C1118T,A1122G,A1141G,C1159T,T1164G,A1207G,A1284T,A1393C,C1406A					T88C,C205T,T245C,G270A,T303C,G442A,C474T,A492G,A666T,G735A,T857C,C957T,A1092G,G1098A,G1103A,A1109C,T1112C,C1118T	0	0	18	18		NA:L81P,NA:N93G,NA:D147N,NA:H150R,NA:I176M,NA:I215V,NA:E221D,NA:S245N,NA:S247T,NA:T267K,NA:L285P,NA:Y310H,NA:N329S,NA:D339N,NA:S367N,NA:K369T,NA:L370S,NA:S372L,NA:I380V,NA:P386S,NA:N387K,NA:N402D,NA:I464L,NA:P468H						4026	3	1413					4	0	good	0	15	-5	0	good	0						0		0	0	good		0	0	good	false			
A/Alabama/22/2019|6|04/04/2019|USA|NA	unassigned	0	good	63	0	0	0	32	0	0	0	0	0	T54C,T86C,T88C,A171T,C205T,A227G,T245C,G270A,A280G,A281G,T303C,C375T,G408A,C421A,G442A,T449C,A452G,T466C,C474T,A485G,G489A,A492G,A501T,T504C,G583A,C615T,A646G,A666T,C669T,G735A,G737A,T742A,C766T,C803A,G831A,C840T,T855C,T857C,C894A,T900C,A901C,A909C,T931C,C957T,A989C,T1005C,G1018A,G1033A,T1071A,A1092G,G1098A,G1103A,A1109C,T1112C,C1118T,A1122G,A1141G,C1159T,T1164G,A1207G,A1284T,A1393C,C1406A					T88C,C205T,T245C,G270A,T303C,G442A,C474T,A492G,G583A,A666T,G735A,T857C,A909C,C957T,A1092G,G1098A,G1103A,A1109C,T1112C,C1118T	0	0	20	20		NA:I28T,NA:K75R,NA:L81P,NA:N93G,NA:L140I,NA:D147N,NA:V149A,NA:H150R,NA:Y155H,NA:N161S,NA:V194I,NA:I215V,NA:E221D,NA:S245N,NA:S247T,NA:T267K,NA:L285P,NA:Y310H,NA:N329T,NA:D339N,NA:E344K,NA:D356E,NA:S367N,NA:K369T,NA:L370S,NA:S372L,NA:I380V,NA:P386S,NA:N387K,NA:N402D,NA:I464L,NA:P468H						3978	3	1413					4	0	good	0	15	-5	0	good	0						0		0	0	good		0	0	good	false			
A/Brisbane/141/2018|6|09/18/2018|Australia|NA	unassigned	0	good	52	0	0	0	25	0	0	0	0	0	T88C,C144T,C205T,T245C,G270A,A280G,A281G,T303C,G408A,G442A,A452G,C474T,A492G,A501T,T504C,A531G,G583A,G588T,A646G,A666T,C669T,T699C,T714C,G735A,G737A,T742A,C803A,G831A,T857C,C894A,T900C,A901C,A909T,T931C,C957T,A989G,C1014T,G1018A,A1092G,G1098A,G1103A,A1109C,T1112C,C1118T,A1122G,A1141G,C1159T,T1164G,A1207G,A1284T,A1393C,C1406A					T88C,C205T,T245C,G270A,T303C,G442A,C474T,A492G,G583A,A666T,G735A,T857C,C957T,A1092G,G1098A,G1103A,A1109C,T1112C,C1118T	0	0	19	19		NA:L81P,NA:N93G,NA:D147N,NA:H150R,NA:I176M,NA:V194I,NA:I215V,NA:E221D,NA:S245N,NA:S247T,NA:T267K,NA:L285P,NA:Y310H,NA:N329S,NA:D339N,NA:S367N,NA:K369T,NA:L370S,NA:S372L,NA:I380V,NA:P386S,NA:N387K,NA:N402D,NA:I464L,NA:P468H						4022	3	1413					4	0	good	0	15	-5	0	good	0						0		0	0	good		0	0	good	false			
A/New_York/32/2019|6|04/03/2019|USA|NA	unassigned	0	good	62	0	0	0	31	0	0	0	0	0	T88C,T133C,C205T,A227G,T245C,G270A,A280G,A281G,T303C,C375T,G408A,C421A,G442A,T449C,A452G,T466C,C474T,A485G,G489A,A492G,A501T,T504C,G583A,C615T,A646G,A666T,C669T,T714C,G735A,G737A,T742A,C766T,C803A,G831A,C840T,T855C,T857C,C894A,T900C,A901C,A909C,T931C,C957T,A989C,T1005C,G1018A,A1032G,G1033A,A1092G,G1098A,G1103A,A1109C,T1112C,C1118T,A1122G,A1141G,C1159T,T1164G,A1207G,A1284T,A1393C,C1406A					T88C,C205T,T245C,G270A,T303C,G442A,C474T,A492G,G583A,A666T,G735A,T857C,A909C,C957T,A1092G,G1098A,G1103A,A1109C,T1112C,C1118T	0	0	20	20		NA:S44P,NA:K75R,NA:L81P,NA:N93G,NA:L140I,NA:D147N,NA:V149A,NA:H150R,NA:Y155H,NA:N161S,NA:V194I,NA:I215V,NA:E221D,NA:S245N,NA:S247T,NA:T267K,NA:L285P,NA:Y310H,NA:N329T,NA:D339N,NA:E344K,NA:S367N,NA:K369T,NA:L370S,NA:S372L,NA:I380V,NA:P386S,NA:N387K,NA:N402D,NA:I464L,NA:P468H						3982	3	1413					4	0	good	0	15	-5	0	good	0						0		0	0	good		0	0	good	false			
A/Missouri/57/2018|6|12/12/2018|USA|NA	unassigned	0	good	62	0	0	0	32	0	0	0	0	0	T88C,A171T,C205T,A227G,T245C,G270A,A280G,A281G,T303C,C375T,G408A,C421A,G442A,T449C,A452G,T466C,C474T,A485G,G489A,A492G,A501T,T504C,G583A,C615T,A646G,A666T,C669T,G735A,G737A,T742A,A749G,C766T,C803A,G831A,C840T,T855C,T857C,C894A,T900C,A901C,A909C,T931C,C957T,A989C,T1005C,G1018A,G1033A,T1071A,A1092G,G1098A,G1103A,A1109C,T1112C,C1118T,A1122G,A1141G,C1159T,T1164G,A1207G,A1284T,A1393C,C1406A					T88C,C205T,T245C,G270A,T303C,G442A,C474T,A492G,G583A,A666T,G735A,T857C,A909C,C957T,A1092G,G1098A,G1103A,A1109C,T1112C,C1118T	0	0	20	20		NA:K75R,NA:L81P,NA:N93G,NA:L140I,NA:D147N,NA:V149A,NA:H150R,NA:Y155H,NA:N161S,NA:V194I,NA:I215V,NA:E221D,NA:S245N,NA:S247T,NA:K249R,NA:T267K,NA:L285P,NA:Y310H,NA:N329T,NA:D339N,NA:E344K,NA:D356E,NA:S367N,NA:K369T,NA:L370S,NA:S372L,NA:I380V,NA:P386S,NA:N387K,NA:N402D,NA:I464L,NA:P468H						3982	3	1413					4	0	good	0	15	-5	0	good	0						0		0	0	good		0	0	good	false			
A/Massachusetts/42/2019|6|11/22/2019|USA|NA	unassigned	0	good	58	0	0	0	28	0	0	0	0	0	C51A,T88C,C144T,C205T,T245C,G270A,A280G,A281G,T303C,G318T,C380T,G408A,G442A,A452G,C474T,A492G,A501T,T504C,G583A,A646G,A663C,A666T,C669T,G735A,G737A,T742A,A750G,T756C,C803A,G831A,C840T,T857C,C894A,T900C,A901C,A909C,G910A,T931C,T948G,C957T,A989G,C1014T,G1018A,T1020C,G1033A,A1092G,G1098A,G1103A,A1109C,T1112C,C1118T,A1122G,A1141G,T1164G,A1207G,A1284T,A1393C,C1406A					T88C,C205T,T245C,G270A,T303C,G442A,C474T,A492G,G583A,A666T,G735A,T857C,A909C,C957T,A1092G,G1098A,G1103A,A1109C,T1112C,C1118T	0	0	20	20		NA:L81P,NA:N93G,NA:P126L,NA:D147N,NA:H150R,NA:V194I,NA:I215V,NA:K220N,NA:E221D,NA:S245N,NA:S247T,NA:T267K,NA:L285P,NA:V303I,NA:Y310H,NA:S315R,NA:N329S,NA:D339N,NA:E344K,NA:S367N,NA:K369T,NA:L370S,NA:S372L,NA:I380V,NA:N387K,NA:N402D,NA:I464L,NA:P468H						3998	3	1413					4	0	good	0	15	-5	0	good	0						0		0	0	good		0	0	good	false			
A/Montana/42/2019|6|09/13/2019|USA|NA	unassigned	0	good	58	0	0	0	28	0	0	0	0	0	C51A,T88C,C144T,C205T,T245C,G270A,A280G,A281G,T303C,C380T,G408A,C429T,G442A,A452G,C474T,A492G,A501T,T504C,G583A,A646G,A663C,A666T,C669T,G735A,G737A,T742A,A750G,T756C,C803A,G831A,C840T,T857C,C894A,T900C,A901C,A909C,G910A,T931C,T948G,C957T,A989G,C1014T,G1018A,T1020C,G1033A,A1092G,G1098A,G1103A,A1109C,T1112C,C1118T,A1122G,A1141G,T1164G,A1207G,A1284T,A1393C,C1406A					T88C,C205T,T245C,G270A,T303C,G442A,C474T,A492G,G583A,A666T,G735A,T857C,A909C,C957T,A1092G,G1098A,G1103A,A1109C,T1112C,C1118T	0	0	20	20		NA:L81P,NA:N93G,NA:P126L,NA:D147N,NA:H150R,NA:V194I,NA:I215V,NA:K220N,NA:E221D,NA:S245N,NA:S247T,NA:T267K,NA:L285P,NA:V303I,NA:Y310H,NA:S315R,NA:N329S,NA:D339N,NA:E344K,NA:S367N,NA:K369T,NA:L370S,NA:S372L,NA:I380V,NA:N387K,NA:N402D,NA:I464L,NA:P468H						3998	3	1413					4	0	good	0	15	-5	0	good	0						0		0	0	good		0	0	good	false			
A/Montana/03/2019|6|01/03/2019|USA|NA	unassigned	0	good	61	0	0	0	32	0	0	0	0	0	T88C,C205T,A227G,T245C,G270A,A280G,A281G,T303C,C375T,G408A,C421A,G442A,T449C,A452G,T466C,C474T,A485G,G489A,A492G,A501T,T504C,G583A,C615T,A646G,A666T,C669T,G735A,G737A,T742A,C766T,C803A,G831A,C840T,T855C,T857C,C894A,T900C,A901C,A909C,T931C,T941G,C957T,A989C,A994G,T1005C,G1018A,G1033A,A1092G,G1098A,G1103A,A1109C,T1112C,C1118T,A1122G,A1141G,C1159T,T1164G,A1207G,A1284T,A1393C,C1406A					T88C,C205T,T245C,G270A,T303C,G442A,C474T,A492G,G583A,A666T,G735A,T857C,A909C,C957T,A1092G,G1098A,G1103A,A1109C,T1112C,C1118T	0	0	20	20		NA:K75R,NA:L81P,NA:N93G,NA:L140I,NA:D147N,NA:V149A,NA:H150R,NA:Y155H,NA:N161S,NA:V194I,NA:I215V,NA:E221D,NA:S245N,NA:S247T,NA:T267K,NA:L285P,NA:Y310H,NA:V313G,NA:N329T,NA:S331G,NA:D339N,NA:E344K,NA:S367N,NA:K369T,NA:L370S,NA:S372L,NA:I380V,NA:P386S,NA:N387K,NA:N402D,NA:I464L,NA:P468H						3986	3	1413					4	0	good	0	15	-5	0	good	0						0		0	0	good		0	0	good	false			
A/New_Mexico/14/2018|6|02/23/2018|USA|NA	unassigned	0	good	51	0	0	0	25	0	0	0	0	0	T88C,C144T,G153A,C205T,T245C,G270A,A280G,A281G,T303C,G408A,G442A,A452G,C474T,A492G,A501T,T504C,A531G,G583A,G588T,A646G,A666T,C669T,G735A,G737A,T742A,C803A,G831A,T857C,C894A,T900C,A901C,A909T,T931C,C957T,A989G,C1014T,G1018A,A1092G,G1098A,G1103A,A1109C,T1112C,C1118T,A1122G,A1141G,C1159T,T1164G,A1207G,A1284T,A1393C,C1406A					T88C,C205T,T245C,G270A,T303C,G442A,C474T,A492G,G583A,A666T,G735A,T857C,C957T,A1092G,G1098A,G1103A,A1109C,T1112C,C1118T	0	0	19	19		NA:L81P,NA:N93G,NA:D147N,NA:H150R,NA:I176M,NA:V194I,NA:I215V,NA:E221D,NA:S245N,NA:S247T,NA:T267K,NA:L285P,NA:Y310H,NA:N329S,NA:D339N,NA:S367N,NA:K369T,NA:L370S,NA:S372L,NA:I380V,NA:P386S,NA:N387K,NA:N402D,NA:I464L,NA:P468H						4026	3	1413					4	0	good	0	15	-5	0	good	0						0		0	0	good		0	0	good	false			
A/Illinois/20/2019|6|03/08/2019|USA|NA	unassigned	0	good	58	0	0	0	29	0	0	0	0	0	T88C,C205T,A227G,T245C,G270A,A280G,A281G,T303C,G408A,C421A,G442A,T449C,A452G,T466C,C474T,A492G,A501T,T504C,G583A,C615T,A646G,A666T,C669T,T699C,G735A,G737A,T742A,C766T,C803A,G831A,C840T,T855C,T857C,C894A,T900C,A901C,A909C,T931C,C957T,A989C,T1005C,G1018A,G1033A,G1040T,A1092G,G1098A,G1103A,A1109C,G1110A,T1112C,C1118T,A1122G,A1141G,T1164G,A1207G,A1284T,A1393C,C1406A					T88C,C205T,T245C,G270A,T303C,G442A,C474T,A492G,G583A,A666T,G735A,T857C,A909C,C957T,A1092G,G1098A,G1103A,A1109C,T1112C,C1118T	0	0	20	20		NA:K75R,NA:L81P,NA:N93G,NA:L140I,NA:D147N,NA:V149A,NA:H150R,NA:Y155H,NA:V194I,NA:I215V,NA:E221D,NA:S245N,NA:S247T,NA:T267K,NA:L285P,NA:Y310H,NA:N329T,NA:D339N,NA:E344K,NA:G346V,NA:S367N,NA:K369T,NA:L370S,NA:S372L,NA:I380V,NA:N387K,NA:N402D,NA:I464L,NA:P468H						3998	3	1413					4	0	good	0	15	-5	0	good	0						0		0	0	good		0	0	good	false			
A/swine/Minnesota/A02157976/2018|6|04/18/2018|USA|NA	unassigned	0	good	118	0	0	0	49	0	0	0	0	0	G30A,C50T,T55G,C66T,T70C,C72T,T88C,A91G,C104A,C118A,A120G,T121C,G124A,A126C,T128A,C137T,T152C,G153A,T188C,A198T,C205T,C219T,A231G,C240T,T245C,A249G,C255T,A259G,G270A,T279C,G318A,A322C,C330T,G387A,C402T,C421T,T431G,G432A,T435C,A447T,G471A,G489A,A492G,C508T,A518G,G583A,G588T,G592A,A598G,A600C,G632A,T650G,G664A,A666T,C669A,G675A,G684A,A687G,A723G,T738C,A747G,A761G,A786G,G790A,C797T,C828T,C843T,A854C,C856T,T857C,T861C,A907G,A909C,C921T,A922G,G952A,G954A,A989G,C998T,C1008T,C1009T,C1014T,T1015C,G1017A,T1020C,T1029C,A1032G,G1033A,A1047G,G1083A,A1095G,G1103A,A1109C,C1118T,A1122T,C1158A,C1159G,T1171G,G1173A,T1178C,C1191T,C1200A,G1202A,A1207G,T1209C,T1224A,T1236C,C1245T,G1250A,G1263A,A1293G,G1306A,T1313G,G1333C,C1350A,A1366G,G1389A,C1392T					G30A,T55G,T70C,T88C,A91G,T121C,G153A,C219T,T245C,G318A,A322C,G387A,G489A,A492G,C508T,G583A,G588T,T650G,G664A,A666T,G790A,C797T,C843T,T857C,A909C,C921T,C1008T,T1015C,A1032G,G1103A,A1109C,C1118T,A1122T,G1173A,G1202A,T1209C,T1236C,A1293G,G1306A,T1313G,C1392T	0	0	41	41		NA:T16I,NA:S18A,NA:F23L,NA:I30V,NA:T34K,NA:Q39K,NA:Y40H,NA:E41N,NA:F42Y,NA:P45L,NA:V50A,NA:I62T,NA:L81P,NA:N86D,NA:V143G,NA:K172R,NA:V194I,NA:D197N,NA:K199D,NA:R210K,NA:V216G,NA:E221N,NA:K253R,NA:V263I,NA:T265I,NA:Y284S,NA:L285S,NA:I302V,NA:I307V,NA:V317I,NA:N329S,NA:S332F,NA:H336Y,NA:E344K,NA:S367N,NA:K369T,NA:S372L,NA:N385K,NA:P386A,NA:L390V,NA:I392T,NA:D399E,NA:R400K,NA:N402D,NA:S416N,NA:E435K,NA:L437W,NA:V444L,NA:T455A						3758	3	1413					4	0	good	0	15	-5	0	good	0						0		0	0	good		0	0	good	false			
A/Maryland/10/2019|6|02/05/2019|USA|NA	unassigned	0	good	62	0	0	0	31	0	0	0	0	0	T88C,C205T,A227G,T245C,G270A,A280G,A281G,T303C,C375T,G408A,C421A,G442A,T449C,A452G,T466C,C474T,A485G,G489A,A492G,A501T,T504C,G513A,G583A,C615T,A646G,A666T,C669T,G735A,G737A,T742A,C766T,C803A,G831A,C840T,T855C,T857C,C894A,T900C,A901C,A909C,T931C,T941G,C957T,A989C,T1005C,G1018A,G1033A,A1092G,G1098A,G1103A,A1109C,T1112C,C1118T,A1122G,A1141G,C1159T,T1164G,A1207G,A1284T,A1393C,T1398C,C1406A					T88C,C205T,T245C,G270A,T303C,G442A,C474T,A492G,G583A,A666T,G735A,T857C,A909C,C957T,A1092G,G1098A,G1103A,A1109C,T1112C,C1118T	0	0	20	20		NA:K75R,NA:L81P,NA:N93G,NA:L140I,NA:D147N,NA:V149A,NA:H150R,NA:Y155H,NA:N161S,NA:V194I,NA:I215V,NA:E221D,NA:S245N,NA:S247T,NA:T267K,NA:L285P,NA:Y310H,NA:V313G,NA:N329T,NA:D339N,NA:E344K,NA:S367N,NA:K369T,NA:L370S,NA:S372L,NA:I380V,NA:P386S,NA:N387K,NA:N402D,NA:I464L,NA:P468H						3982	3	1413					4	0	good	0	15	-5	0	good	0						0		0	0	good		0	0	good	false			
A/Mississippi/8276/2019|6|01/16/2019|USA|NA	unassigned	0	good	62	0	0	0	31	0	0	0	0	0	T88C,A171T,C205T,A227G,T245C,G270A,A280G,A281G,T303C,C375T,G408A,C421A,G442A,T449C,A452G,T466C,C474T,A485G,G489A,A492G,A501T,T504C,G583A,C615T,A646G,A666T,C669T,G735A,G737A,T742A,C766T,C803A,G831A,C840T,T855C,T857C,C894A,T900C,A901C,A909C,T931C,C957T,A978G,A989C,T1005C,G1018A,G1033A,T1071A,A1092G,G1098A,G1103A,A1109C,T1112C,C1118T,A1122G,A1141G,C1159T,T1164G,A1207G,A1284T,A1393C,C1406A					T88C,C205T,T245C,G270A,T303C,G442A,C474T,A492G,G583A,A666T,G735A,T857C,A909C,C957T,A1092G,G1098A,G1103A,A1109C,T1112C,C1118T	0	0	20	20		NA:K75R,NA:L81P,NA:N93G,NA:L140I,NA:D147N,NA:V149A,NA:H150R,NA:Y155H,NA:N161S,NA:V194I,NA:I215V,NA:E221D,NA:S245N,NA:S247T,NA:T267K,NA:L285P,NA:Y310H,NA:N329T,NA:D339N,NA:E344K,NA:D356E,NA:S367N,NA:K369T,NA:L370S,NA:S372L,NA:I380V,NA:P386S,NA:N387K,NA:N402D,NA:I464L,NA:P468H						3982	3	1413					4	0	good	0	15	-5	0	good	0						0		0	0	good		0	0	good	false			
A/Maryland/8006/2019|6|01/24/2019|USA|NA	unassigned	0	good	62	0	0	0	31	0	0	0	0	0	C87T,T88C,A171T,C205T,A227G,T245C,G270A,A280G,A281G,T303C,C375T,G408A,C421A,G442A,T449C,A452G,T466C,C474T,A485G,G489A,A492G,A501T,T504C,G583A,C615T,A646G,A666T,C669T,G735A,G737A,T742A,C766T,C803A,G831A,C840T,T855C,T857C,C894A,T900C,A901C,A909C,T931C,C957T,A989C,T1005C,G1018A,G1033A,T1071A,A1092G,G1098A,G1103A,A1109C,T1112C,C1118T,A1122G,A1141G,C1159T,T1164G,A1207G,A1284T,A1393C,C1406A					T88C,C205T,T245C,G270A,T303C,G442A,C474T,A492G,G583A,A666T,G735A,T857C,A909C,C957T,A1092G,G1098A,G1103A,A1109C,T1112C,C1118T	0	0	20	20		NA:K75R,NA:L81P,NA:N93G,NA:L140I,NA:D147N,NA:V149A,NA:H150R,NA:Y155H,NA:N161S,NA:V194I,NA:I215V,NA:E221D,NA:S245N,NA:S247T,NA:T267K,NA:L285P,NA:Y310H,NA:N329T,NA:D339N,NA:E344K,NA:D356E,NA:S367N,NA:K369T,NA:L370S,NA:S372L,NA:I380V,NA:P386S,NA:N387K,NA:N402D,NA:I464L,NA:P468H						3982	3	1413					4	0	good	0	15	-5	0	good	0						0		0	0	good		0	0	good	false			
A/Oklahoma/8812/2019|6|03/12/2019|USA|NA	unassigned	0	good	62	0	0	0	31	0	0	0	0	0	T88C,A171T,C205T,A227G,T245C,G270A,A280G,A281G,T303C,C375T,G408A,C421A,G442A,T449C,A452G,T466C,C474T,A485G,G489A,A492G,A501T,T504C,G583A,C615T,A646G,A666T,C669T,G735A,G737A,T742A,C766T,C803A,G831A,C840T,T855C,T857C,C894A,T900C,A901C,A909C,T931C,C957T,A989C,T1005C,G1018A,G1033A,T1071A,A1092G,G1098A,G1103A,A1109C,T1112C,C1116T,C1118T,A1122G,A1141G,C1159T,T1164G,A1207G,A1284T,A1393C,C1406A					T88C,C205T,T245C,G270A,T303C,G442A,C474T,A492G,G583A,A666T,G735A,T857C,A909C,C957T,A1092G,G1098A,G1103A,A1109C,T1112C,C1118T	0	0	20	20		NA:K75R,NA:L81P,NA:N93G,NA:L140I,NA:D147N,NA:V149A,NA:H150R,NA:Y155H,NA:N161S,NA:V194I,NA:I215V,NA:E221D,NA:S245N,NA:S247T,NA:T267K,NA:L285P,NA:Y310H,NA:N329T,NA:D339N,NA:E344K,NA:D356E,NA:S367N,NA:K369T,NA:L370S,NA:S372L,NA:I380V,NA:P386S,NA:N387K,NA:N402D,NA:I464L,NA:P468H						3982	3	1413					4	0	good	0	15	-5	0	good	0						0		0	0	good		0	0	good	false			
A/swine/South_Dakota/A02245350/2019|6|12/02/2019|USA|NA	unassigned	0	good	124	0	0	0	50	0	0	0	0	0	G30A,C50T,T55G,C66T,T70C,C72T,T88C,A91G,C104A,C118A,A120G,T121C,G124A,A126C,T128A,C137T,T152C,G153A,T188C,A198T,C205T,C219T,A231G,C240T,T245C,A249G,C255T,A259G,G270A,T279C,A288T,G318A,A322C,C330T,G387A,C402T,C421T,T431G,G432A,T435C,A447T,G471A,G489A,A492G,C508T,A518G,G583A,G588T,G592A,A598G,A600C,G632A,T645C,T650G,G664A,A666T,C669A,G675A,G684A,A687G,A723G,T738C,A761G,A772G,A786G,G790A,C797T,C828T,C843T,A854C,T857C,T861C,A907G,A909C,C921T,A922G,C936T,G954A,A972C,C981T,A989G,C998T,C1008T,C1009T,C1014T,T1015C,G1017A,T1020C,T1029C,A1032G,G1033A,A1047G,G1083A,A1095G,G1098A,G1103A,A1109C,C1118T,A1122T,C1158A,C1159G,T1171G,G1173A,T1178C,C1191T,C1200A,G1202A,A1207G,T1209A,T1224A,C1245T,G1250A,C1251A,G1263A,A1293G,G1306A,T1313G,G1333C,C1350A,A1366G,G1389A,C1392T,C1399T,C1401T					G30A,T55G,T70C,T88C,A91G,T121C,G153A,C219T,T245C,G318A,A322C,G387A,G489A,A492G,C508T,G583A,G588T,T650G,G664A,A666T,G790A,C797T,C843T,T857C,A909C,C921T,C1008T,T1015C,A1032G,G1103A,A1109C,C1118T,A1122T,G1173A,G1202A,A1293G,G1306A,T1313G,C1392T	0	0	39	39		NA:T16I,NA:S18A,NA:F23L,NA:I30V,NA:T34K,NA:Q39K,NA:Y40H,NA:E41N,NA:F42Y,NA:P45L,NA:V50A,NA:I62T,NA:L81P,NA:N86D,NA:V143G,NA:K172R,NA:V194I,NA:D197N,NA:K199D,NA:R210K,NA:V216G,NA:E221N,NA:K253R,NA:I257V,NA:V263I,NA:T265I,NA:Y284S,NA:L285P,NA:I302V,NA:I307V,NA:N329S,NA:S332F,NA:H336Y,NA:E344K,NA:S367N,NA:K369T,NA:S372L,NA:N385K,NA:P386A,NA:L390V,NA:I392T,NA:D399E,NA:R400K,NA:N402E,NA:S416K,NA:E435K,NA:L437W,NA:V444L,NA:T455A,NA:L466F						3734	3	1413					4	0	good	0	15	-5	0	good	0						0		0	0	good		0	0	good	false			
A/New_Jersey/13/2020|6|02/16/2020|USA|NA	unassigned	0	good	59	0	0	0	29	0	0	0	0	0	C51A,T88C,A141G,C144T,C205T,T245C,G270A,A280G,T303C,T378C,C380T,C402A,G408A,G442A,A452G,C474T,A492G,A501T,T504C,G583A,A646G,A663C,A666T,C669T,G735A,G737A,T741C,T742A,C803A,G831A,C840T,T857C,C894A,T900C,A901C,A909C,G910A,T931C,A946C,C957T,A963G,A989G,C1014T,G1018A,G1033A,A1092G,G1098A,G1103A,A1109C,T1112C,C1118T,A1122G,A1141G,T1164G,A1207G,A1284T,A1393C,C1406A,T1409C					T88C,C205T,T245C,G270A,T303C,G442A,C474T,A492G,G583A,A666T,G735A,T857C,A909C,C957T,A1092G,G1098A,G1103A,A1109C,T1112C,C1118T	0	0	20	20		NA:L81P,NA:N93D,NA:P126L,NA:D147N,NA:H150R,NA:V194I,NA:I215V,NA:K220N,NA:E221D,NA:S245N,NA:S247T,NA:T267K,NA:L285P,NA:V303I,NA:Y310H,NA:S315R,NA:N329S,NA:D339N,NA:E344K,NA:S367N,NA:K369T,NA:L370S,NA:S372L,NA:I380V,NA:N387K,NA:N402D,NA:I464L,NA:P468H,NA:I469T						3994	3	1413					4	0	good	0	15	-5	0	good	0						0		0	0	good		0	0	good	false			
A/Minnesota/09/2020|6|02/09/2020|USA|NA	unassigned	0	good	63	0	0	0	28	0	0	0	0	0	C51A,T88C,C144T,C205T,T245C,G270A,A280G,A281G,T303C,C380T,G408A,G442A,A452G,T468C,C474T,A492G,A501T,T504C,G583A,A646G,A663C,A666T,C669T,G684A,T729C,G735A,G737A,T742A,G790A,C803A,G831A,G834A,C840T,T857C,C894A,T900C,A901C,A909C,G910A,T931C,C957T,A989G,C1014T,G1018A,T1020C,G1033A,A1092G,G1098A,G1103A,A1109C,T1112C,C1118T,A1122G,T1125C,A1141G,T1164G,A1207G,T1239C,A1284T,C1311T,C1347A,A1393C,C1406A					T88C,C205T,T245C,G270A,T303C,G442A,C474T,A492G,G583A,A666T,G735A,T857C,A909C,C957T,A1092G,G1098A,G1103A,A1109C,T1112C,C1118T	0	0	20	20		NA:L81P,NA:N93G,NA:P126L,NA:D147N,NA:H150R,NA:V194I,NA:I215V,NA:K220N,NA:E221D,NA:S245N,NA:S247T,NA:V263I,NA:T267K,NA:L285P,NA:V303I,NA:Y310H,NA:N329S,NA:D339N,NA:E344K,NA:S367N,NA:K369T,NA:L370S,NA:S372L,NA:I380V,NA:N387K,NA:N402D,NA:I464L,NA:P468H						3978	3	1413					4	0	good	0	15	-5	0	good	0						0		0	0	good		0	0	good	false			
A/North_Carolina/20/2019|6|03/18/2019|USA|NA	unassigned	6.250000	good	63	0	0	0	31	0	0	0	1	0	T88C,A171T,A183G,C205T,A227G,T245C,G270A,A280G,A281G,T303C,C375T,G408A,C421A,G442A,T449C,A452G,T466C,C474T,A485G,G489A,A492G,A501T,T504C,G583A,T612C,C615T,A646G,A666T,C669T,G735A,G737A,T742A,C766T,C803A,G831A,C840T,T855C,T857C,C894A,T900C,A901C,A909C,T931C,C957T,A989C,T1005C,G1018A,G1033A,T1071A,A1092G,G1098A,G1103A,A1109C,T1112C,C1118T,A1122G,A1141G,C1159T,T1164G,A1207G,A1284T,A1393C,C1406A					T88C,C205T,T245C,G270A,T303C,G442A,C474T,A492G,G583A,A666T,G735A,T857C,A909C,C957T,A1092G,G1098A,G1103A,A1109C,T1112C,C1118T	0	0	20	20		NA:K75R,NA:L81P,NA:N93G,NA:L140I,NA:D147N,NA:V149A,NA:H150R,NA:Y155H,NA:N161S,NA:V194I,NA:I215V,NA:E221D,NA:S245N,NA:S247T,NA:T267K,NA:L285P,NA:Y310H,NA:N329T,NA:D339N,NA:E344K,NA:D356E,NA:S367N,NA:K369T,NA:L370S,NA:S372L,NA:I380V,NA:P386S,NA:N387K,NA:N402D,NA:I464L,NA:P468H				Y:553		3978	3	1413					4	25	good	1	15	-5	0	good	0						0		0	0	good		0	0	good	false			
A/California/191/2019|6|11/03/2019|USA|NA	unassigned	0	good	60	0	0	0	29	0	0	0	0	0	C51A,T88C,A141G,C144T,C205T,A232C,T245C,G270A,A280G,T303C,T378C,C380T,C402A,G408A,G442A,A452G,C474T,A492G,A501T,T504C,G583A,A646G,A663C,A666T,C669T,G735A,G737A,T741C,T742A,C803A,G831A,C840T,T857C,C894A,T900C,A901C,G903A,A909C,G910A,T931C,C957T,A963G,A989G,C1014T,G1018A,A1092G,G1098A,G1103A,A1109C,T1112C,C1118T,A1122G,A1141G,A1157G,T1164G,A1207G,A1284T,A1393C,C1406A,T1409C					T88C,C205T,T245C,G270A,T303C,G442A,C474T,A492G,G583A,A666T,G735A,T857C,A909C,C957T,A1092G,G1098A,G1103A,A1109C,T1112C,C1118T	0	0	20	20		NA:I77L,NA:L81P,NA:N93D,NA:P126L,NA:D147N,NA:H150R,NA:V194I,NA:I215V,NA:K220N,NA:E221D,NA:S245N,NA:S247T,NA:T267K,NA:L285P,NA:V303I,NA:Y310H,NA:N329S,NA:D339N,NA:S367N,NA:K369T,NA:L370S,NA:S372L,NA:I380V,NA:N385S,NA:N387K,NA:N402D,NA:I464L,NA:P468H,NA:I469T						3990	3	1413					4	0	good	0	15	-5	0	good	0						0		0	0	good		0	0	good	false			
A/Townsville/31/2018|6|08/20/2018|Australia|NA	unassigned	0	good	49	0	0	0	23	0	0	0	0	0	T88C,C144T,C205T,T245C,G270A,A280G,A281G,T303C,G408C,G442A,C474T,A492G,A501T,T504C,A531G,G583A,A646G,A666T,C669T,G735A,G737A,T742A,A747G,C803A,G831A,T857C,C894A,T900C,A901C,A909T,T931C,C957T,A984G,A989G,C1014T,G1018A,A1092G,G1098A,G1103A,A1109C,C1118T,A1122G,A1141G,C1159T,T1164G,A1207G,A1284T,A1393C,C1406A					T88C,C205T,T245C,G270A,T303C,G442A,C474T,A492G,G583A,A666T,G735A,T857C,C957T,A1092G,G1098A,G1103A,A1109C,C1118T	0	0	18	18		NA:L81P,NA:N93G,NA:D147N,NA:I176M,NA:V194I,NA:I215V,NA:E221D,NA:S245N,NA:S247T,NA:T267K,NA:L285P,NA:Y310H,NA:N329S,NA:D339N,NA:S367N,NA:K369T,NA:S372L,NA:I380V,NA:P386S,NA:N387K,NA:N402D,NA:I464L,NA:P468H						4034	3	1413					4	0	good	0	15	-5	0	good	0						0		0	0	good		0	0	good	false			
A/Georgia/23/2018|6|03/19/2018|USA|NA	unassigned	0	good	56	0	0	0	29	0	0	0	0	0	T88C,C205T,A227G,T245C,G270A,A280G,A281G,T303C,G408A,C421A,G442A,T449C,A452G,T466C,C474T,A492G,A501T,T504C,G583A,C615T,A646G,A666T,C669T,G735A,G737A,T742A,C766T,C803A,G831A,C840T,T855C,T857C,C894A,T900C,A901C,A909C,T931C,C957T,A989C,T1005C,G1018A,G1033A,A1092G,G1098A,G1103A,A1109C,T1112C,C1118T,A1122G,A1141G,A1145G,T1164G,A1207G,A1284T,A1393C,C1406A					T88C,C205T,T245C,G270A,T303C,G442A,C474T,A492G,G583A,A666T,G735A,T857C,A909C,C957T,A1092G,G1098A,G1103A,A1109C,T1112C,C1118T	0	0	20	20		NA:K75R,NA:L81P,NA:N93G,NA:L140I,NA:D147N,NA:V149A,NA:H150R,NA:Y155H,NA:V194I,NA:I215V,NA:E221D,NA:S245N,NA:S247T,NA:T267K,NA:L285P,NA:Y310H,NA:N329T,NA:D339N,NA:E344K,NA:S367N,NA:K369T,NA:L370S,NA:S372L,NA:I380V,NA:E381G,NA:N387K,NA:N402D,NA:I464L,NA:P468H						4006	3	1413					4	0	good	0	15	-5	0	good	0						0		0	0	good		0	0	good	false			
A/Virginia/9140/2019|6|03/13/2019|USA|NA	unassigned	0	good	63	0	0	0	32	0	0	0	0	0	T88C,A171T,C205T,A227G,T245C,G270A,A280G,A281G,T303C,C375T,G408A,C421A,G442A,T449C,A452G,T466C,C474T,A485G,G489A,A492G,A501T,T504C,G583A,C615T,A646G,A666T,C669T,G735A,G737A,T742A,C766T,C803A,G831A,C840T,T855C,T857C,C894A,T900C,A901C,A909C,T931C,C957T,A989C,T1005C,G1018A,G1033A,T1071A,G1078A,A1092G,G1098A,G1103A,A1109C,T1112C,C1118T,A1122G,A1141G,C1159T,T1164G,A1207G,G1263A,A1284T,A1393C,C1406A					T88C,C205T,T245C,G270A,T303C,G442A,C474T,A492G,G583A,A666T,G735A,T857C,A909C,C957T,A1092G,G1098A,G1103A,A1109C,T1112C,C1118T	0	0	20	20		NA:K75R,NA:L81P,NA:N93G,NA:L140I,NA:D147N,NA:V149A,NA:H150R,NA:Y155H,NA:N161S,NA:V194I,NA:I215V,NA:E221D,NA:S245N,NA:S247T,NA:T267K,NA:L285P,NA:Y310H,NA:N329T,NA:D339N,NA:E344K,NA:D356E,NA:D359N,NA:S367N,NA:K369T,NA:L370S,NA:S372L,NA:I380V,NA:P386S,NA:N387K,NA:N402D,NA:I464L,NA:P468H						3978	3	1413					4	0	good	0	15	-5	0	good	0						0		0	0	good		0	0	good	false			
A/swine/Iowa/A02257201/2018|6|09/04/2018|USA|NA	unassigned	0	good	119	0	0	0	40	0	0	0	0	0	T9C,G30A,C50T,T55G,C69T,T70C,C72T,C87T,T88C,A91G,A103G,G108A,T121C,A126T,T128G,C136T,C139T,A180G,A198T,A208G,C215A,C219T,A267G,G273T,C282A,G309A,G318A,A322C,G324A,C330A,C345T,A447T,G459A,T465C,T466C,T468C,G471A,T486C,G489A,A492G,T498C,C508T,G513A,A518G,G583A,G588T,T597C,C615T,T650G,A661C,G664A,A666T,C669A,G675A,G681A,A687G,A723G,A749G,G777A,T792A,C797T,C803A,G807A,C843T,T857C,G859A,C885T,A909C,C921T,A926G,T931C,A937G,T939C,G954A,A963G,T966C,A987G,C998T,A1010T,T1015C,G1017A,A1032G,A1047G,A1053G,C1080T,C1101T,C1104T,A1109G,G1110T,T1112C,A1122T,C1131T,T1143C,C1149T,C1158G,T1164C,G1173A,A1177G,T1178C,G1198A,C1200A,G1202T,T1206A,T1209C,C1215T,T1236C,G1250A,T1272C,A1293G,A1302G,A1303G,C1304A,T1305C,G1306A,T1313G,A1323G,G1386A,G1390A,C1392T					G30A,T55G,T70C,T88C,A91G,T121C,T128G,C219T,G318A,A322C,G489A,A492G,C508T,G583A,G588T,T650G,G664A,A666T,C797T,C843T,T857C,A909C,C921T,T1015C,A1032G,T1112C,A1122T,T1164C,G1173A,T1209C,T1236C,A1293G,G1306A,T1313G,C1392T	0	0	35	35		NA:T16I,NA:S18A,NA:F23L,NA:I30V,NA:T34A,NA:Y40H,NA:E41D,NA:F42C,NA:P45S,NA:P46S,NA:T69A,NA:T71N,NA:N93K,NA:Y155H,NA:K172R,NA:V194I,NA:V216G,NA:K220Q,NA:E221N,NA:K249R,NA:T265I,NA:T267K,NA:L285P,NA:G286S,NA:K308R,NA:Y310H,NA:I312V,NA:S332F,NA:H336L,NA:K369S,NA:L370S,NA:N385K,NA:I392A,NA:D399K,NA:R400I,NA:S416N,NA:T434D,NA:E435K,NA:L437W,NA:D463N						3754	3	1413					4	0	good	0	15	-5	0	good	0						0		0	0	good		0	0	good	false			
A/Maine/43/2018|6|12/19/2018|USA|NA	unassigned	0	good	57	0	0	0	28	0	0	0	0	0	C51A,T88C,C137T,C144T,C205T,T245C,G270A,A280G,A281G,T303C,C330T,C380T,G408A,G442A,A452G,C474T,A492G,A501T,T504C,G583A,A646G,A663C,A666T,C669T,G684A,G735A,G737A,T742A,C803A,G831A,C840T,T857C,C894A,T900C,A901C,A909C,G910A,T931C,C957T,A989G,C1014T,G1017T,G1018A,A1092G,G1098A,G1103A,A1109C,T1112C,C1118T,A1122G,A1141G,T1164G,A1207G,C1257A,A1284T,A1393C,C1406A					T88C,C205T,T245C,G270A,T303C,G442A,C474T,A492G,G583A,A666T,G735A,T857C,A909C,C957T,A1092G,G1098A,G1103A,A1109C,T1112C,C1118T	0	0	20	20		NA:P45L,NA:L81P,NA:N93G,NA:P126L,NA:D147N,NA:H150R,NA:V194I,NA:I215V,NA:K220N,NA:E221D,NA:S245N,NA:S247T,NA:T267K,NA:L285P,NA:V303I,NA:Y310H,NA:N329S,NA:L338F,NA:D339N,NA:S367N,NA:K369T,NA:L370S,NA:S372L,NA:I380V,NA:N387K,NA:N402D,NA:I464L,NA:P468H						4002	3	1413					4	0	good	0	15	-5	0	good	0						0		0	0	good		0	0	good	false			
A/canine/Ontario/NCFAD_2018_070_15/2018|6|03/14/2018|Canada|NA	unassigned	0	good	273	0	0	0	81	0	0	0	0	0	T9C,A28G,G30A,T33A,C36G,T42C,C48A,A49G,T55G,C57A,A61G,C66T,T70C,A73T,G75A,A78G,T88C,G90A,A91G,T92C,T96A,A102G,T106C,C109T,T111C,T121A,T128G,T133A,C134T,C139T,A141G,A146G,C147T,G151A,G153A,A154G,T158C,G159A,G163A,C170T,A171C,A183G,A196G,G201A,T202C,C205T,C209A,C210T,C213T,C216T,G225A,G228A,A234T,C238T,A241G,A242T,C244G,A246G,G247C,C248T,A258G,T261C,A267G,G270A,A276G,A280C,C282A,A297T,T303C,T306C,T315C,G318A,T321C,A322C,G324A,T327C,C345T,G351A,T378C,T381C,G382A,A383G,G387A,A396G,C402A,A414G,A417C,A423G,C429T,G430A,T431A,G432A,T435C,T441C,G442A,A443G,G448A,C463T,C474T,A477T,G480A,G489A,A492G,A501G,C508T,G513A,G519A,A561G,C571T,G573A,A585C,G588T,G591A,A599G,A606G,C615T,A619G,T621G,C624T,G630A,G632T,A639T,T642C,T650G,C660T,A661C,A662G,G664A,A666T,C678T,G681A,C693T,T699C,A708G,A720G,G735A,T741A,A749G,A750G,A761G,T774C,G775A,A776G,G777A,C789T,G790A,T792C,C797T,A802C,A813G,G822A,T825C,G826A,C828A,G834A,C837T,C843T,T849C,G851A,T857C,T858A,G859A,G860A,C864T,C873T,C885T,A891G,A907G,A909T,G910A,C921T,A924G,A925G,A926C,G927A,G935A,T939C,G940A,T941A,C957T,A972C,C975T,C981A,A984G,A987T,A988G,C990T,C993T,C999T,T1005C,C1008T,C1009A,T1011C,T1015A,T1016A,C1026T,A1032G,G1033A,A1034G,T1038G,G1039A,G1040A,A1043C,T1044A,A1053G,C1056G,G1069A,G1073A,A1074T,G1083T,A1092G,A1095G,G1098A,G1105A,G1107A,A1108G,G1110T,C1116T,A1122T,A1128G,C1131T,A1137G,A1145G,A1146T,T1153A,A1157C,C1158T,C1159G,A1170G,T1172C,G1173A,A1177G,A1179C,G1185A,G1202A,A1203T,G1204A,G1205A,T1209C,A1210T,C1215T,T1236C,C1254T,A1255G,C1257T,C1261A,C1266T,G1287A,A1291G,A1293G,A1294C,A1295C,G1297C,G1299A,A1302G,G1306A,A1307G,C1311A,T1313G,C1320T,C1326T,T1329C,T1335C,G1338A,C1347T,C1350T,A1353T,A1359C,G1390A,C1392T,C1395T,T1398C,C1399T					G30A,T55G,T70C,T88C,A91G,T128G,G153A,C205T,G270A,T303C,G318A,A322C,G387A,G442A,C474T,G489A,A492G,C508T,G588T,T650G,G664A,A666T,G735A,G790A,C797T,C843T,T857C,C921T,C957T,C1008T,A1032G,A1092G,G1098A,A1122T,G1173A,G1202A,T1209C,T1236C,A1293G,G1306A,T1313G,C1392T	0	0	42	42		NA:T9A,NA:T16A,NA:S18A,NA:I20V,NA:F23L,NA:M24L,NA:I30A,NA:H36Y,NA:Y40N,NA:F42C,NA:S44I,NA:P46S,NA:N48S,NA:V50I,NA:M51V,NA:L52P,NA:E54K,NA:T56I,NA:I65V,NA:Y67H,NA:T69N,NA:P79S,NA:K80V,NA:L81V,NA:A82L,NA:N93Q,NA:D127S,NA:V143K,NA:D147S,NA:V149I,NA:P154S,NA:K199R,NA:I206V,NA:R210M,NA:V216G,NA:K220R,NA:E221N,NA:K249R,NA:K253R,NA:E258R,NA:V263I,NA:T265I,NA:T267P,NA:V275I,NA:R283Q,NA:L285P,NA:G286N,NA:I302V,NA:V303I,NA:I307M,NA:K308A,NA:S311N,NA:V313N,NA:K328N,NA:N329D,NA:H336N,NA:L338K,NA:E344R,NA:G346N,NA:H347P,NA:D356N,NA:G357D,NA:E368K,NA:K369D,NA:E381G,NA:S384T,NA:N385T,NA:P386A,NA:L390S,NA:I392V,NA:R400N,NA:G401N,NA:R403W,NA:I418V,NA:R430G,NA:K431P,NA:E432Q,NA:E435R,NA:L437W,NA:D463N,NA:L466F						3138	3	1413					4	0	good	0	15	-5	0	good	0						0		0	0	good		0	0	good	false			
A/swine/North_Carolina/A02142700/2018|6|02/13/2018|USA|NA	unassigned	0	good	124	0	0	0	45	0	0	0	0	0	G30A,C50T,T55G,T70C,C72T,C83T,T88C,A91G,A93G,G100A,T106C,T121C,G124A,A126T,T128G,A130G,C136T,A150T,G153A,C157T,G159T,T188A,A192G,A198T,C219T,A220G,T245C,G247A,G273T,A297C,T306C,A322C,C330T,C380A,T381A,G387A,T431G,A447T,T468C,G471A,G489A,A492G,C508T,G513A,A518G,C543T,A561G,G583A,G588T,C618A,T636A,T650G,G664A,A666T,C669A,C672A,G675A,A687G,C702T,A723C,G735A,T738C,A744C,C766T,G790A,C797T,A804G,T819G,T825C,C828A,C840T,C843T,C856T,T857C,C864T,T870C,G910A,A912T,C921T,A922G,T938C,G952A,G954A,A960T,A989C,C998T,C1008T,C1009A,T1015C,G1017A,T1020C,A1032G,A1047G,C1056T,G1081T,T1112C,C1116T,C1118T,A1122C,C1131T,A1141G,T1143C,G1144A,C1149A,C1155T,A1156G,C1158A,T1161C,T1164C,T1172C,G1173A,A1177T,C1191T,C1200T,T1209C,T1236C,G1237A,G1250A,C1254T,C1261A,A1293G,G1306A,A1359G,C1392T					G30A,T55G,T70C,T88C,A91G,T121C,T128G,G153A,C219T,T245C,A322C,G387A,G489A,A492G,C508T,G583A,G588T,T650G,G664A,A666T,G735A,G790A,C797T,C843T,T857C,C921T,C1008T,T1015C,A1032G,T1112C,C1118T,T1164C,G1173A,T1209C,T1236C,A1293G,G1306A,C1392T	0	0	38	38		NA:T16I,NA:S18A,NA:F23L,NA:A27V,NA:I30V,NA:V33I,NA:Y40H,NA:E41N,NA:F42C,NA:N43D,NA:P45S,NA:Q49H,NA:L52F,NA:I62K,NA:I73V,NA:L81P,NA:A82T,NA:P126Q,NA:V143G,NA:K172R,NA:V194I,NA:F205L,NA:V216G,NA:E221N,NA:V263I,NA:T265I,NA:L285S,NA:V303I,NA:I307V,NA:I312T,NA:V317I,NA:N329T,NA:S332F,NA:H336N,NA:V360L,NA:L370S,NA:S372L,NA:I380V,NA:E381K,NA:N385E,NA:L390S,NA:I392L,NA:V412I,NA:S416N,NA:E435K						3734	3	1413					4	0	good	0	15	-5	0	good	0						0		0	0	good		0	0	good	false			
A/Michigan/414/2018|6|12/10/2018|USA|NA	unassigned	0	good	56	0	0	0	26	0	0	0	0	0	C51A,T88C,C144T,C205T,T245C,G270A,A280G,A281G,T303C,C380T,G408A,C429T,G442A,A452G,T468C,C474T,A492G,A501T,T504C,G583A,A646G,A663C,A666T,C669T,G684A,G735A,G737A,T742A,C801T,C803A,G831A,C840T,T857C,C894A,T900C,A901C,A909C,G910A,T931C,C957T,A989G,C1014T,G1018A,A1092G,G1098A,G1103A,A1109C,T1112C,C1118T,A1122G,A1141G,T1164G,A1207G,A1284T,A1393C,C1406A					T88C,C205T,T245C,G270A,T303C,G442A,C474T,A492G,G583A,A666T,G735A,T857C,A909C,C957T,A1092G,G1098A,G1103A,A1109C,T1112C,C1118T	0	0	20	20		NA:L81P,NA:N93G,NA:P126L,NA:D147N,NA:H150R,NA:V194I,NA:I215V,NA:K220N,NA:E221D,NA:S245N,NA:S247T,NA:T267K,NA:L285P,NA:V303I,NA:Y310H,NA:N329S,NA:D339N,NA:S367N,NA:K369T,NA:L370S,NA:S372L,NA:I380V,NA:N387K,NA:N402D,NA:I464L,NA:P468H						4006	3	1413					4	0	good	0	15	-5	0	good	0						0		0	0	good		0	0	good	false			
A/Victoria/741/2018|6|09/13/2018|Australia|NA	unassigned	0	good	55	0	0	0	27	0	0	0	0	0	C51A,T88C,C144T,C205T,T245C,G270A,A281G,T303C,C380T,G408A,G442A,A452G,C474T,A492G,A501C,T504C,G583A,A646G,A663C,A666T,C669T,G684A,G735A,G737A,T742A,C803A,G831A,C840T,T857C,C894A,T900C,A901C,A909C,G910A,T931C,C957T,A989G,C1014T,T1016A,G1017T,G1018A,A1092G,G1098A,G1103A,A1109C,T1112C,C1118T,A1122G,A1141G,T1164G,A1207G,A1284T,A1302G,A1393C,C1406A					T88C,C205T,T245C,G270A,T303C,G442A,C474T,A492G,G583A,A666T,G735A,T857C,A909C,C957T,A1092G,G1098A,G1103A,A1109C,T1112C,C1118T	0	0	20	20		NA:L81P,NA:N93S,NA:P126L,NA:D147N,NA:H150R,NA:V194I,NA:I215V,NA:K220N,NA:E221D,NA:S245N,NA:S247T,NA:T267K,NA:L285P,NA:V303I,NA:Y310H,NA:N329S,NA:L338Y,NA:D339N,NA:S367N,NA:K369T,NA:L370S,NA:S372L,NA:I380V,NA:N387K,NA:N402D,NA:I464L,NA:P468H						4010	3	1413					4	0	good	0	15	-5	0	good	0						0		0	0	good		0	0	good	false			
A/New_Mexico/05/2019|6|01/22/2019|USA|NA	unassigned	0	good	62	0	0	0	32	0	0	0	0	0	T88C,A171T,C205T,A227G,T245C,G270A,A280G,A281G,T303C,C375T,G408A,C421A,G442A,T449C,A452G,T466C,C474T,A485G,G489A,A492G,A501T,T504C,G583A,C615T,A646G,A666T,C669T,G735A,G737A,T742A,C766T,C803A,G831A,C840T,T855C,T857C,C894A,T900C,A901C,T908C,A909C,T931C,C957T,A989C,T1005C,G1018A,G1033A,T1071A,A1092G,G1098A,G1103A,A1109C,T1112C,C1118T,A1122G,A1141G,C1159T,T1164G,A1207G,A1284T,A1393C,C1406A					T88C,C205T,T245C,G270A,T303C,G442A,C474T,A492G,G583A,A666T,G735A,T857C,A909C,C957T,A1092G,G1098A,G1103A,A1109C,T1112C,C1118T	0	0	20	20		NA:K75R,NA:L81P,NA:N93G,NA:L140I,NA:D147N,NA:V149A,NA:H150R,NA:Y155H,NA:N161S,NA:V194I,NA:I215V,NA:E221D,NA:S245N,NA:S247T,NA:T267K,NA:L285P,NA:I302T,NA:Y310H,NA:N329T,NA:D339N,NA:E344K,NA:D356E,NA:S367N,NA:K369T,NA:L370S,NA:S372L,NA:I380V,NA:P386S,NA:N387K,NA:N402D,NA:I464L,NA:P468H						3982	3	1413					4	0	good	0	15	-5	0	good	0						0		0	0	good		0	0	good	false			
A/Montana/38/2019|6|07/14/2019|USA|NA	unassigned	0	good	58	0	0	0	30	0	0	0	0	0	C51A,T88C,C144T,C205T,T245C,G270A,A280G,A281G,T303C,C380T,G408A,G442A,A452T,C474T,A492G,A501T,T504C,G583A,A646G,A663C,A666T,C669T,G735A,G737A,T742A,A750G,T756C,C803A,G831A,C840T,T857C,C894A,T900C,A901C,A909C,G910A,T931C,T948G,C957T,A989G,C1014T,G1018A,T1020C,G1033A,G1098A,G1103A,A1109C,T1112C,C1118T,A1122G,A1136G,A1141G,T1164G,G1198A,A1207G,A1284T,A1393C,C1406A					T88C,C205T,T245C,G270A,T303C,G442A,C474T,A492G,G583A,A666T,G735A,T857C,A909C,C957T,G1098A,G1103A,A1109C,T1112C,C1118T	0	0	19	19		NA:L81P,NA:N93G,NA:P126L,NA:D147N,NA:H150L,NA:V194I,NA:I215V,NA:K220N,NA:E221D,NA:S245N,NA:S247T,NA:T267K,NA:L285P,NA:V303I,NA:Y310H,NA:S315R,NA:N329S,NA:D339N,NA:E344K,NA:S367N,NA:K369T,NA:L370S,NA:S372L,NA:K378R,NA:I380V,NA:N387K,NA:D399N,NA:N402D,NA:I464L,NA:P468H						3998	3	1413					4	0	good	0	15	-5	0	good	0						0		0	0	good		0	0	good	false			
A/Vermont/03/2020|6|01/08/2020|USA|NA	unassigned	0	good	60	0	0	0	28	0	0	0	0	0	C51A,T88C,C144T,C205T,T245C,G270A,A280G,A281G,T303C,G309A,C380T,G408A,G442A,A452G,C474T,A492G,A501T,T504C,G583A,A646G,A663C,A666T,C669T,G735A,G737A,T742A,A750G,T756C,C803A,G831A,C840T,T857C,C894A,T900C,A901C,A909C,G910A,T931C,T948G,C957T,A989G,C1014T,G1018A,T1020C,G1033A,A1092G,G1098A,C1101A,G1103A,A1109C,T1112C,C1118T,A1122G,A1141G,T1164G,A1207G,A1284T,A1393C,C1405T,C1406A					T88C,C205T,T245C,G270A,T303C,G442A,C474T,A492G,G583A,A666T,G735A,T857C,A909C,C957T,A1092G,G1098A,G1103A,A1109C,T1112C,C1118T	0	0	20	20		NA:L81P,NA:N93G,NA:P126L,NA:D147N,NA:H150R,NA:V194I,NA:I215V,NA:K220N,NA:E221D,NA:S245N,NA:S247T,NA:T267K,NA:L285P,NA:V303I,NA:Y310H,NA:S315R,NA:N329S,NA:D339N,NA:E344K,NA:S367N,NA:K369T,NA:L370S,NA:S372L,NA:I380V,NA:N387K,NA:N402D,NA:I464L,NA:P468Y						3990	3	1413					4	0	good	0	15	-5	0	good	0						0		0	0	good		0	0	good	false			
A/Florida/101/2019|6|09/19/2019|USA|NA	unassigned	0	good	60	0	0	0	29	0	0	0	0	0	C51A,T88C,T133C,C144T,C205T,T245C,G270A,A280G,A281G,T300C,T303C,C380T,G408A,C429T,G442A,A452G,C474T,A492G,A501T,T504C,G583A,A646G,A663C,A666T,C669T,G735A,G737A,T742A,A750G,T756C,C803A,G831A,C840T,T857C,C894A,T900C,A901C,A909C,G910A,T931C,T948G,C957T,A989G,C1014T,G1018A,T1020C,G1033A,A1092G,G1098A,G1103A,A1109C,T1112C,C1118T,A1122G,A1141G,T1164G,A1207G,A1284T,A1393C,C1406A					T88C,C205T,T245C,G270A,T303C,G442A,C474T,A492G,G583A,A666T,G735A,T857C,A909C,C957T,A1092G,G1098A,G1103A,A1109C,T1112C,C1118T	0	0	20	20		NA:S44P,NA:L81P,NA:N93G,NA:P126L,NA:D147N,NA:H150R,NA:V194I,NA:I215V,NA:K220N,NA:E221D,NA:S245N,NA:S247T,NA:T267K,NA:L285P,NA:V303I,NA:Y310H,NA:S315R,NA:N329S,NA:D339N,NA:E344K,NA:S367N,NA:K369T,NA:L370S,NA:S372L,NA:I380V,NA:N387K,NA:N402D,NA:I464L,NA:P468H						3990	3	1413					4	0	good	0	15	-5	0	good	0						0		0	0	good		0	0	good	false			
A/Alaska/44/2018|6|05/11/2018|USA|NA	unassigned	0	good	52	0	0	0	25	0	0	0	0	0	T88C,C144T,C205T,T245C,A258G,G270A,A280G,A281G,T303C,G408A,G442A,A452G,C474T,A492G,A501T,T504C,A531G,G583A,G588T,A646G,A666T,C669T,T699C,G735A,G737A,T742A,C803A,G831A,T857C,C894A,T900C,A901C,A909T,T931C,C957T,A989G,C1014T,G1018A,A1092G,G1098A,G1103A,A1109C,T1112C,C1118T,A1122G,A1141G,C1159T,T1164G,A1207G,A1284T,A1393C,C1406A					T88C,C205T,T245C,G270A,T303C,G442A,C474T,A492G,G583A,A666T,G735A,T857C,C957T,A1092G,G1098A,G1103A,A1109C,T1112C,C1118T	0	0	19	19		NA:L81P,NA:N93G,NA:D147N,NA:H150R,NA:I176M,NA:V194I,NA:I215V,NA:E221D,NA:S245N,NA:S247T,NA:T267K,NA:L285P,NA:Y310H,NA:N329S,NA:D339N,NA:S367N,NA:K369T,NA:L370S,NA:S372L,NA:I380V,NA:P386S,NA:N387K,NA:N402D,NA:I464L,NA:P468H						4022	3	1413					4	0	good	0	15	-5	0	good	0						0		0	0	good		0	0	good	false			
A/California/SEA0134/2018|6|01/11/2018|USA|NA	unassigned	0	good	51	0	0	0	25	0	0	0	0	0	T88C,C144T,C205T,T245C,G270A,A280G,A281G,T303C,G408A,G442A,A452G,C474T,A492G,A501T,T504C,A531G,G583A,G588T,A646G,A666T,C669T,T699C,G735A,G737A,T742A,C803A,G831A,T857C,C894A,T900C,A901C,A909T,T931C,C957T,A989G,C1014T,G1018A,A1092G,G1098A,G1103A,A1109C,T1112C,C1118T,A1122G,A1141G,C1159T,T1164G,A1207G,A1284T,A1393C,C1406A					T88C,C205T,T245C,G270A,T303C,G442A,C474T,A492G,G583A,A666T,G735A,T857C,C957T,A1092G,G1098A,G1103A,A1109C,T1112C,C1118T	0	0	19	19		NA:L81P,NA:N93G,NA:D147N,NA:H150R,NA:I176M,NA:V194I,NA:I215V,NA:E221D,NA:S245N,NA:S247T,NA:T267K,NA:L285P,NA:Y310H,NA:N329S,NA:D339N,NA:S367N,NA:K369T,NA:L370S,NA:S372L,NA:I380V,NA:P386S,NA:N387K,NA:N402D,NA:I464L,NA:P468H						4026	3	1413					4	0	good	0	15	-5	0	good	0						0		0	0	good		0	0	good	false			
A/swine/Iowa/A02254363/2018|6|07/25/2018|USA|NA	unassigned	6.250000	good	126	0	0	0	48	0	0	0	1	0	T9C,G30A,T41C,C50T,T55G,A58T,T70C,C72T,A79G,T88C,A91G,G108T,A120G,T121C,T123C,A126T,T128G,C136T,A143G,G153A,G159C,T188A,A189G,A192G,A198T,C219T,A220G,A243G,T245C,G273T,A286G,T306C,A322C,C345T,C380T,G387A,T431G,G432A,A447T,T468C,G471A,G489A,A492G,C508T,A518G,G525T,C543T,A561G,G583A,G588T,G591A,G630A,T642C,T650G,G664A,A666T,C669A,G675A,G684A,A687G,C702T,C710T,G735A,T738C,A744C,A761G,C766T,A776T,G790A,A796G,C797T,C803A,A804G,T805C,T816C,T819C,T857C,G871A,T915C,C921T,A922G,G954A,A994C,T997A,C998T,C1008T,T1015C,T1016G,G1017A,A1032G,G1033A,A1047G,A1075G,T1077C,G1083A,G1103A,A1109C,A1113G,C1118T,A1122C,T1143C,G1144A,C1149G,A1156C,C1158A,T1164C,G1173A,T1178C,A1188G,C1191T,C1200A,G1202A,T1209C,T1236C,C1245A,G1250A,C1261A,A1293G,A1302G,G1306A,A1307G,T1313G,C1347A,C1350T,A1359G,C1392T					G30A,T55G,T70C,T88C,A91G,T121C,T128G,G153A,C219T,T245C,A322C,G387A,G489A,A492G,C508T,G583A,G588T,T650G,G664A,A666T,G735A,G790A,C797T,T857C,C921T,C1008T,T1015C,A1032G,G1103A,A1109C,C1118T,T1164C,G1173A,G1202A,T1209C,T1236C,A1293G,G1306A,T1313G,C1392T	0	0	40	40		NA:V13A,NA:T16I,NA:S18A,NA:T19S,NA:F23L,NA:I26V,NA:I30V,NA:L35F,NA:Y40H,NA:E41D,NA:F42C,NA:P45S,NA:N47S,NA:I62K,NA:I73V,NA:L81P,NA:T95A,NA:P126L,NA:V143G,NA:K172R,NA:V194I,NA:V216G,NA:E221N,NA:T236I,NA:K253R,NA:E258V,NA:V263I,NA:T265V,NA:T267K,NA:L285P,NA:V290I,NA:I307V,NA:S331R,NA:S332I,NA:L338R,NA:E344K,NA:N358D,NA:S367N,NA:K369T,NA:S372L,NA:E381K,NA:N385Q,NA:I392T,NA:D399E,NA:R400K,NA:S416N,NA:E435R,NA:L437W				Y:498		3726	3	1413					4	25	good	1	15	-5	0	good	0						0		0	0	good		0	0	good	false			
A/swine/Iowa/A02154763/2018|6|03/01/2018|USA|NA	unassigned	6.250000	good	123	0	0	0	43	0	0	0	1	0	G30A,C50T,T55G,T70C,C72T,T88C,A91G,A93G,G100A,T106C,T121C,G124A,A126T,T128G,A130G,C136T,A150T,G153A,C157T,G159T,T188A,A192G,A198T,C219T,A220G,T245C,G247A,G273T,T285C,T306C,A322C,C330T,C380A,T381A,T431G,A447T,T468C,G471A,C475T,G489A,A492G,C508T,G513A,A518G,C543T,A561G,G583A,G588T,C618A,T636A,T650G,G664A,A666T,C669A,C672A,G675A,A687G,C702T,A723C,G735A,T738C,A744C,C766T,G790A,C797T,A804G,T819G,T825C,C828A,C840T,C843T,A852G,T853G,C856T,T857C,C864T,T870C,A912T,C921T,A922G,T938C,G952A,G954A,A960T,C998T,C1008T,C1009A,T1015C,G1017A,T1020C,A1032G,A1047G,C1056T,G1081T,T1112C,C1116T,C1118T,A1122C,C1131T,A1136G,A1141G,T1143C,G1144A,C1149A,C1155T,A1156G,C1158A,T1161C,T1164C,G1173A,A1177T,T1178C,C1191T,C1200T,T1236C,G1237A,G1250A,C1254T,C1261A,A1293G,G1306A,A1359G,C1392T					G30A,T55G,T70C,T88C,A91G,T121C,T128G,G153A,C219T,T245C,A322C,G489A,A492G,C508T,G583A,G588T,T650G,G664A,A666T,G735A,G790A,C797T,C843T,T857C,C921T,C1008T,T1015C,A1032G,T1112C,C1118T,T1164C,G1173A,T1236C,A1293G,G1306A,C1392T	0	0	36	36		NA:T16I,NA:S18A,NA:F23L,NA:I30V,NA:V33I,NA:Y40H,NA:E41N,NA:F42C,NA:N43D,NA:P45S,NA:Q49H,NA:L52F,NA:I62K,NA:I73V,NA:L81P,NA:A82T,NA:P126Q,NA:V143G,NA:K172R,NA:V194I,NA:F205L,NA:V216G,NA:E221N,NA:V263I,NA:T265I,NA:Y284D,NA:L285S,NA:I307V,NA:I312T,NA:V317I,NA:S332F,NA:H336N,NA:V360L,NA:L370S,NA:S372L,NA:K378R,NA:I380V,NA:E381K,NA:N385E,NA:I392S,NA:V412I,NA:S416N,NA:E435K				M:205		3738	3	1413					4	25	good	1	15	-5	0	good	0						0		0	0	good		0	0	good	false			
A/Minnesota/48/2019|6|07/13/2019|USA|NA	unassigned	0	good	59	0	0	0	29	0	0	0	0	0	C51A,T88C,C144T,C205T,T245C,G270A,A280G,A281G,T303C,C380T,G408A,C429T,G442A,A452G,C474T,A492G,A501T,T504C,G583A,A646G,A663C,A666T,C669T,G735A,G737A,T742A,A750G,T756C,C803A,G831A,C840T,T857C,C894A,T900C,A901C,A909C,G910A,T931C,T948G,C957T,A989G,C1014T,G1018A,T1020C,G1033A,G1040A,A1092G,G1098A,G1103A,A1109C,T1112C,C1118T,A1122G,A1141G,T1164G,A1207G,A1284T,A1393C,C1406A					T88C,C205T,T245C,G270A,T303C,G442A,C474T,A492G,G583A,A666T,G735A,T857C,A909C,C957T,A1092G,G1098A,G1103A,A1109C,T1112C,C1118T	0	0	20	20		NA:L81P,NA:N93G,NA:P126L,NA:D147N,NA:H150R,NA:V194I,NA:I215V,NA:K220N,NA:E221D,NA:S245N,NA:S247T,NA:T267K,NA:L285P,NA:V303I,NA:Y310H,NA:S315R,NA:N329S,NA:D339N,NA:E344K,NA:G346D,NA:S367N,NA:K369T,NA:L370S,NA:S372L,NA:I380V,NA:N387K,NA:N402D,NA:I464L,NA:P468H						3994	3	1413					4	0	good	0	15	-5	0	good	0						0		0	0	good		0	0	good	false			
A/Mississippi/8460/2019|6|01/28/2019|USA|NA	unassigned	0	good	63	0	0	0	31	0	0	0	0	0	T88C,A171T,C205T,A227G,T245C,G270A,A280G,A281G,T303C,C375T,G408A,G411A,C421A,G442A,T449C,A452G,T466C,C474T,A485G,G489A,A492G,A501T,T504C,G583A,C615T,A646G,A666T,C669T,G735A,G737A,T742A,C766T,C803A,G831A,C840T,T855C,T857C,C894A,T900C,A901C,A909C,T931C,C957T,A978G,A989C,T1005C,G1018A,G1033A,T1071A,A1092G,G1098A,G1103A,A1109C,T1112C,C1118T,A1122G,A1141G,C1159T,T1164G,A1207G,A1284T,A1393C,C1406A					T88C,C205T,T245C,G270A,T303C,G442A,C474T,A492G,G583A,A666T,G735A,T857C,A909C,C957T,A1092G,G1098A,G1103A,A1109C,T1112C,C1118T	0	0	20	20		NA:K75R,NA:L81P,NA:N93G,NA:L140I,NA:D147N,NA:V149A,NA:H150R,NA:Y155H,NA:N161S,NA:V194I,NA:I215V,NA:E221D,NA:S245N,NA:S247T,NA:T267K,NA:L285P,NA:Y310H,NA:N329T,NA:D339N,NA:E344K,NA:D356E,NA:S367N,NA:K369T,NA:L370S,NA:S372L,NA:I380V,NA:P386S,NA:N387K,NA:N402D,NA:I464L,NA:P468H						3978	3	1413					4	0	good	0	15	-5	0	good	0						0		0	0	good		0	0	good	false			
